payment_id,source_system,value_date,booking_timestamp,debtor_account_token,creditor_account_token,currency,amount,ledger_reference,country_code
PAY-2026-0041,CHANNEL-SG,2026-03-16,2026-03-16T01:10:00Z,DEBTOR-0041,CREDITOR-0141,SGD,14300.00,LEDG-SG-0041,SG
PAY-2026-0042,CHANNEL-US,2026-03-16,2026-03-16T01:50:00Z,DEBTOR-0042,CREDITOR-0142,USD,39000.00,LEDG-US-0042,US
PAY-2026-0043,CHANNEL-HK,2026-03-16,2026-03-16T02:30:00Z,DEBTOR-0043,CREDITOR-0143,HKD,78000.00,LEDG-HK-0043,HK
PAY-2026-0044,CHANNEL-GB,2026-03-16,2026-03-16T03:10:00Z,DEBTOR-0044,CREDITOR-0144,GBP,22400.00,LEDG-GB-0044,GB
PAY-2026-0049,CHANNEL-SG,2026-03-16,2026-03-16T03:30:00Z,DEBTOR-0049,CREDITOR-0149,XYZ,5000.00,LEDG-SG-0049,SG
PAY-2026-0045,CHANNEL-EU,2026-03-16,2026-03-16T03:50:00Z,DEBTOR-0045,CREDITOR-0145,EUR,16800.00,LEDG-EU-0045,NL
PAY-2026-0046,CHANNEL-AE,2026-03-16,2026-03-16T04:30:00Z,DEBTOR-0046,CREDITOR-0146,AED,58000.00,LEDG-AE-0046,AE
PAY-2026-0047,CHANNEL-IN,2026-03-16,2026-03-16T05:10:00Z,DEBTOR-0047,CREDITOR-0147,INR,2100000.00,LEDG-IN-0047,IN
PAY-2026-0050,CHANNEL-SG,2026-03-16,2026-03-16T05:30:00Z,DEBTOR-0050,CREDITOR-0150,SGD,0.00,LEDG-SG-0050,SG
PAY-2026-0048,CHANNEL-CN,2026-03-16,2026-03-16T05:50:00Z,DEBTOR-0048,CREDITOR-0148,CNY,176000.00,LEDG-CN-0048,CN
PAY-2026-0051,CHANNEL-JP,2026-03-16,2026-03-16T06:30:00Z,DEBTOR-0051,CREDITOR-0151,JPY,3800000.00,LEDG-JP-0051,JP
